Model,MAPE (%),RMSE ($)
Prophet,21.399959453309176,12577.543310367231
Linear Regression,25.178942102268486,15393.977803463804
Exponential Smoothing,25.241649297584978,12496.593184912455
"ARIMA(1,1,1)",29.721408058669052,14419.245575420282
Moving Average (7d),34.55507333660414,14983.204336980109
